-- phpMyAdmin SQL Dump
-- version 4.8.5
-- https://www.phpmyadmin.net/
--
-- Host: 127.0.0.1
-- Generation Time: Apr 21, 2021 at 01:30 PM
-- Server version: 10.1.38-MariaDB
-- PHP Version: 7.3.2

SET SQL_MODE = "NO_AUTO_VALUE_ON_ZERO";
SET AUTOCOMMIT = 0;
START TRANSACTION;
SET time_zone = "+00:00";


/*!40101 SET @OLD_CHARACTER_SET_CLIENT=@@CHARACTER_SET_CLIENT */;
/*!40101 SET @OLD_CHARACTER_SET_RESULTS=@@CHARACTER_SET_RESULTS */;
/*!40101 SET @OLD_COLLATION_CONNECTION=@@COLLATION_CONNECTION */;
/*!40101 SET NAMES utf8mb4 */;

--
-- Database: `uncovid`
--

-- --------------------------------------------------------

--
-- Table structure for table `category`
--

CREATE TABLE `category` (
  `cat_id` int(11) NOT NULL,
  `cat_name` varchar(500) COLLATE armscii8_bin DEFAULT NULL
) ENGINE=InnoDB DEFAULT CHARSET=armscii8 COLLATE=armscii8_bin;

--
-- Dumping data for table `category`
--

INSERT INTO `category` (`cat_id`, `cat_name`) VALUES
(3001, 'Food'),
(3002, 'Oxygen');

-- --------------------------------------------------------

--
-- Table structure for table `district`
--

CREATE TABLE `district` (
  `dis_id` int(11) NOT NULL,
  `state_id` int(11) NOT NULL,
  `dis_name` varchar(500) COLLATE armscii8_bin DEFAULT NULL
) ENGINE=InnoDB DEFAULT CHARSET=armscii8 COLLATE=armscii8_bin;

--
-- Dumping data for table `district`
--

INSERT INTO `district` (`dis_id`, `state_id`, `dis_name`) VALUES
(2001, 1001, 'Nicobar'),
(2002, 1001, 'North Middle Andaman'),
(2003, 1001, 'South Andaman'),
(2004, 1002, 'Anantapur'),
(2005, 1002, 'Chittoor'),
(2006, 1002, 'East Godavari'),
(2007, 1002, 'Guntur'),
(2008, 1002, 'Kadapa'),
(2009, 1002, 'Krishna'),
(2010, 1002, 'Kurnool'),
(2011, 1002, 'Nellore'),
(2012, 1002, 'Prakasam'),
(2013, 1002, 'Srikakulam'),
(2014, 1002, 'Visakhapatnam'),
(2015, 1002, 'Vizianagaram'),
(2016, 1002, 'West Godavari'),
(2017, 1003, 'Anjaw'),
(2018, 1003, 'Central Siang'),
(2019, 1003, 'Changlang'),
(2020, 1003, 'Dibang Valley'),
(2021, 1003, 'East Kameng'),
(2022, 1003, 'East Siang'),
(2023, 1003, 'Kamle'),
(2024, 1003, 'Kra Daadi'),
(2025, 1003, 'Kurung Kumey'),
(2026, 1003, 'Lepa Rada'),
(2027, 1003, 'Lohit'),
(2028, 1003, 'Longding'),
(2029, 1003, 'Lower Dibang Valley'),
(2030, 1003, 'Lower Siang'),
(2031, 1003, 'Lower Subansiri'),
(2032, 1003, 'Namsai'),
(2033, 1003, 'Pakke Kessang'),
(2034, 1003, 'Papum Pare'),
(2035, 1003, 'Shi Yomi'),
(2036, 1003, 'Tawang'),
(2037, 1003, 'Tirap'),
(2038, 1003, 'Upper Siang'),
(2039, 1003, 'Upper Subansiri'),
(2040, 1003, 'West Kameng'),
(2041, 1003, 'West Siang'),
(2042, 1004, 'Bajali'),
(2043, 1004, 'Baksa'),
(2044, 1004, 'Barpeta'),
(2045, 1004, 'Biswanath'),
(2046, 1004, 'Bongaigaon'),
(2047, 1004, 'Cachar'),
(2048, 1004, 'Charaideo'),
(2049, 1004, 'Chirang'),
(2050, 1004, 'Darrang'),
(2051, 1004, 'Dhemaji'),
(2052, 1004, 'Dhubri'),
(2053, 1004, 'Dibrugarh'),
(2054, 1004, 'Dima Hasao'),
(2055, 1004, 'Goalpara'),
(2056, 1004, 'Golaghat'),
(2057, 1004, 'Hailakandi'),
(2058, 1004, 'Hojai'),
(2059, 1004, 'Jorhat'),
(2060, 1004, 'Kamrup'),
(2061, 1004, 'Kamrup Metropolitan'),
(2062, 1004, 'Karbi Anglong'),
(2063, 1004, 'Karimganj'),
(2064, 1004, 'Kokrajhar'),
(2065, 1004, 'Lakhimpur'),
(2066, 1004, 'Majuli'),
(2067, 1004, 'Morigaon'),
(2068, 1004, 'Nagaon'),
(2069, 1004, 'Nalbari'),
(2070, 1004, 'Sivasagar'),
(2071, 1004, 'Sonitpur'),
(2072, 1004, 'South Salmara-Mankachar'),
(2073, 1004, 'Tinsukia'),
(2074, 1004, 'Udalguri'),
(2075, 1004, 'West Karbi Anglong'),
(2076, 1005, 'Araria'),
(2077, 1005, 'Arwal'),
(2078, 1005, 'Aurangabad'),
(2079, 1005, 'Banka'),
(2080, 1005, 'Begusarai'),
(2081, 1005, 'Bhagalpur'),
(2082, 1005, 'Bhojpur'),
(2083, 1005, 'Buxar'),
(2084, 1005, 'Darbhanga'),
(2085, 1005, 'East Champaran'),
(2086, 1005, 'Gaya'),
(2087, 1005, 'Gopalganj'),
(2088, 1005, 'Jamui'),
(2089, 1005, 'Jehanabad'),
(2090, 1005, 'Kaimur'),
(2091, 1005, 'Katihar'),
(2092, 1005, 'Khagaria'),
(2093, 1005, 'Kishanganj'),
(2094, 1005, 'Lakhisarai'),
(2095, 1005, 'Madhepura'),
(2096, 1005, 'Madhubani'),
(2097, 1005, 'Munger'),
(2098, 1005, 'Muzaffarpur'),
(2099, 1005, 'Nalanda'),
(2100, 1005, 'Nawada'),
(2101, 1005, 'Patna'),
(2102, 1005, 'Purnia'),
(2103, 1005, 'Rohtas'),
(2104, 1005, 'Saharsa'),
(2105, 1005, 'Samastipur'),
(2106, 1005, 'Saran'),
(2107, 1005, 'Sheikhpura'),
(2108, 1005, 'Sheohar'),
(2109, 1005, 'Sitamarhi'),
(2110, 1005, 'Siwan'),
(2111, 1005, 'Supaul'),
(2112, 1005, 'Vaishali'),
(2113, 1005, 'West Champaran'),
(2114, 1006, 'Chandigarh'),
(2115, 1007, 'Balod'),
(2116, 1007, 'Baloda Bazar'),
(2117, 1007, 'Balrampur'),
(2118, 1007, 'Bastar'),
(2119, 1007, 'Bemetara'),
(2120, 1007, 'Bijapur'),
(2121, 1007, 'Bilaspur'),
(2122, 1007, 'Dantewada'),
(2123, 1007, 'Dhamtari'),
(2124, 1007, 'Durg'),
(2125, 1007, 'Gariaband'),
(2126, 1007, 'Gaurela Pendra Marwahi'),
(2127, 1007, 'Janjgir Champa'),
(2128, 1007, 'Jashpur'),
(2129, 1007, 'Kabirdham'),
(2130, 1007, 'Kanker'),
(2131, 1007, 'Kondagaon'),
(2132, 1007, 'Korba'),
(2133, 1007, 'Koriya'),
(2134, 1007, 'Mahasamund'),
(2135, 1007, 'Mungeli'),
(2136, 1007, 'Narayanpur'),
(2137, 1007, 'Raigarh'),
(2138, 1007, 'Raipur'),
(2139, 1007, 'Rajnandgaon'),
(2140, 1007, 'Sukma'),
(2141, 1007, 'Surajpur'),
(2142, 1007, 'Surguja'),
(2143, 1008, 'Dadra Nagar Haveli'),
(2144, 1009, 'Daman'),
(2145, 1009, 'Diu'),
(2146, 1010, 'Central Delhi'),
(2147, 1010, 'East Delhi'),
(2148, 1010, 'New Delhi'),
(2149, 1010, 'North Delhi'),
(2150, 1010, 'North East Delhi'),
(2151, 1010, 'North West Delhi'),
(2152, 1010, 'Shahdara'),
(2153, 1010, 'South Delhi'),
(2154, 1010, 'South East Delhi'),
(2155, 1010, 'South West Delhi'),
(2156, 1010, 'West Delhi'),
(2157, 1011, 'North Goa'),
(2158, 1011, 'South Goa'),
(2159, 1012, 'Ahmedabad'),
(2160, 1012, 'Amreli'),
(2161, 1012, 'Anand'),
(2162, 1012, 'Aravalli'),
(2163, 1012, 'Banaskantha'),
(2164, 1012, 'Bharuch'),
(2165, 1012, 'Bhavnagar'),
(2166, 1012, 'Botad'),
(2167, 1012, 'Chhota Udaipur'),
(2168, 1012, 'Dahod'),
(2169, 1012, 'Dang'),
(2170, 1012, 'Devbhoomi Dwarka'),
(2171, 1012, 'Gandhinagar'),
(2172, 1012, 'Gir Somnath'),
(2173, 1012, 'Jamnagar'),
(2174, 1012, 'Junagadh'),
(2175, 1012, 'Kheda'),
(2176, 1012, 'Kutch'),
(2177, 1012, 'Mahisagar'),
(2178, 1012, 'Mehsana'),
(2179, 1012, 'Morbi'),
(2180, 1012, 'Narmada'),
(2181, 1012, 'Navsari'),
(2182, 1012, 'Panchmahal'),
(2183, 1012, 'Patan'),
(2184, 1012, 'Porbandar'),
(2185, 1012, 'Rajkot'),
(2186, 1012, 'Sabarkantha'),
(2187, 1012, 'Surat'),
(2188, 1012, 'Surendranagar'),
(2189, 1012, 'Tapi'),
(2190, 1012, 'Vadodara'),
(2191, 1012, 'Valsad'),
(2192, 1013, 'Ambala'),
(2193, 1013, 'Bhiwani'),
(2194, 1013, 'Charkhi Dadri'),
(2195, 1013, 'Faridabad'),
(2196, 1013, 'Fatehabad'),
(2197, 1013, 'Gurugram'),
(2198, 1013, 'Hisar'),
(2199, 1013, 'Jhajjar'),
(2200, 1013, 'Jind'),
(2201, 1013, 'Kaithal'),
(2202, 1013, 'Karnal'),
(2203, 1013, 'Kurukshetra'),
(2204, 1013, 'Mahendragarh'),
(2205, 1013, 'Mewat'),
(2206, 1013, 'Palwal'),
(2207, 1013, 'Panchkula'),
(2208, 1013, 'Panipat'),
(2209, 1013, 'Rewari'),
(2210, 1013, 'Rohtak'),
(2211, 1013, 'Sirsa'),
(2212, 1013, 'Sonipat'),
(2213, 1013, 'Yamunanagar'),
(2214, 1014, 'Bilaspur'),
(2215, 1014, 'Chamba'),
(2216, 1014, 'Hamirpur'),
(2217, 1014, 'Kangra'),
(2218, 1014, 'Kinnaur'),
(2219, 1014, 'Kullu'),
(2220, 1014, 'Lahaul Spiti'),
(2221, 1014, 'Mandi'),
(2222, 1014, 'Shimla'),
(2223, 1014, 'Sirmaur'),
(2224, 1014, 'Solan'),
(2225, 1014, 'Una'),
(2226, 1015, 'Anantnag'),
(2227, 1015, 'Bandipora'),
(2228, 1015, 'Baramulla'),
(2229, 1015, 'Budgam'),
(2230, 1015, 'Doda'),
(2231, 1015, 'Ganderbal'),
(2232, 1015, 'Jammu'),
(2233, 1015, 'Kathua'),
(2234, 1015, 'Kishtwar'),
(2235, 1015, 'Kulgam'),
(2236, 1015, 'Kupwara'),
(2237, 1015, 'Poonch'),
(2238, 1015, 'Pulwama'),
(2239, 1015, 'Rajouri'),
(2240, 1015, 'Ramban'),
(2241, 1015, 'Reasi'),
(2242, 1015, 'Samba'),
(2243, 1015, 'Shopian'),
(2244, 1015, 'Srinagar'),
(2245, 1015, 'Udhampur'),
(2246, 1016, 'Bokaro'),
(2247, 1016, 'Chatra'),
(2248, 1016, 'Deoghar'),
(2249, 1016, 'Dhanbad'),
(2250, 1016, 'Dumka'),
(2251, 1016, 'East Singhbhum'),
(2252, 1016, 'Garhwa'),
(2253, 1016, 'Giridih'),
(2254, 1016, 'Godda'),
(2255, 1016, 'Gumla'),
(2256, 1016, 'Hazaribagh'),
(2257, 1016, 'Jamtara'),
(2258, 1016, 'Khunti'),
(2259, 1016, 'Koderma'),
(2260, 1016, 'Latehar'),
(2261, 1016, 'Lohardaga'),
(2262, 1016, 'Pakur'),
(2263, 1016, 'Palamu'),
(2264, 1016, 'Ramgarh'),
(2265, 1016, 'Ranchi'),
(2266, 1016, 'Sahebganj'),
(2267, 1016, 'Seraikela Kharsawan'),
(2268, 1016, 'Simdega'),
(2269, 1016, 'West Singhbhum'),
(2270, 1017, 'Bagalkot'),
(2271, 1017, 'Bangalore Rural'),
(2272, 1017, 'Bangalore Urban'),
(2273, 1017, 'Belgaum'),
(2274, 1017, 'Bellary'),
(2275, 1017, 'Bidar'),
(2276, 1017, 'Chamarajanagar'),
(2277, 1017, 'Chikkaballapur'),
(2278, 1017, 'Chikkamagaluru'),
(2279, 1017, 'Chitradurga'),
(2280, 1017, 'Dakshina Kannada'),
(2281, 1017, 'Davanagere'),
(2282, 1017, 'Dharwad'),
(2283, 1017, 'Gadag'),
(2284, 1017, 'Gulbarga'),
(2285, 1017, 'Hassan'),
(2286, 1017, 'Haveri'),
(2287, 1017, 'Kodagu'),
(2288, 1017, 'Kolar'),
(2289, 1017, 'Koppal'),
(2290, 1017, 'Mandya'),
(2291, 1017, 'Mysore'),
(2292, 1017, 'Raichur'),
(2293, 1017, 'Ramanagara'),
(2294, 1017, 'Shimoga'),
(2295, 1017, 'Tumkur'),
(2296, 1017, 'Udupi'),
(2297, 1017, 'Uttara Kannada'),
(2298, 1017, 'Vijayanagara'),
(2299, 1017, 'Vijayapura'),
(2300, 1017, 'Yadgir'),
(2301, 1018, 'Alappuzha'),
(2302, 1018, 'Ernakulam'),
(2303, 1018, 'Idukki'),
(2304, 1018, 'Kannur'),
(2305, 1018, 'Kasaragod'),
(2306, 1018, 'Kollam'),
(2307, 1018, 'Kottayam'),
(2308, 1018, 'Kozhikode'),
(2309, 1018, 'Malappuram'),
(2310, 1018, 'Palakkad'),
(2311, 1018, 'Pathanamthitta'),
(2312, 1018, 'Thiruvananthapuram'),
(2313, 1018, 'Thrissur'),
(2314, 1018, 'Wayanad'),
(2315, 1019, 'Kargil'),
(2316, 1019, 'Leh'),
(2317, 1020, 'Lakshadweep'),
(2318, 1021, 'Agar Malwa'),
(2319, 1021, 'Alirajpur'),
(2320, 1021, 'Anuppur'),
(2321, 1021, 'Ashoknagar'),
(2322, 1021, 'Balaghat'),
(2323, 1021, 'Barwani'),
(2324, 1021, 'Betul'),
(2325, 1021, 'Bhind'),
(2326, 1021, 'Bhopal'),
(2327, 1021, 'Burhanpur'),
(2328, 1021, 'Chachaura'),
(2329, 1021, 'Chhatarpur'),
(2330, 1021, 'Chhindwara'),
(2331, 1021, 'Damoh'),
(2332, 1021, 'Datia'),
(2333, 1021, 'Dewas'),
(2334, 1021, 'Dhar'),
(2335, 1021, 'Dindori'),
(2336, 1021, 'Guna'),
(2337, 1021, 'Gwalior'),
(2338, 1021, 'Harda'),
(2339, 1021, 'Hoshangabad'),
(2340, 1021, 'Indore'),
(2341, 1021, 'Jabalpur'),
(2342, 1021, 'Jhabua'),
(2343, 1021, 'Katni'),
(2344, 1021, 'Khandwa'),
(2345, 1021, 'Khargone'),
(2346, 1021, 'Maihar'),
(2347, 1021, 'Mandla'),
(2348, 1021, 'Mandsaur'),
(2349, 1021, 'Morena'),
(2350, 1021, 'Nagda'),
(2351, 1021, 'Narsinghpur'),
(2352, 1021, 'Neemuch'),
(2353, 1021, 'Niwari'),
(2354, 1021, 'Panna'),
(2355, 1021, 'Raisen'),
(2356, 1021, 'Rajgarh'),
(2357, 1021, 'Ratlam'),
(2358, 1021, 'Rewa'),
(2359, 1021, 'Sagar'),
(2360, 1021, 'Satna'),
(2361, 1021, 'Sehore'),
(2362, 1021, 'Seoni'),
(2363, 1021, 'Shahdol'),
(2364, 1021, 'Shajapur'),
(2365, 1021, 'Sheopur'),
(2366, 1021, 'Shivpuri'),
(2367, 1021, 'Sidhi'),
(2368, 1021, 'Singrauli'),
(2369, 1021, 'Tikamgarh'),
(2370, 1021, 'Ujjain'),
(2371, 1021, 'Umaria'),
(2372, 1021, 'Vidisha'),
(2373, 1022, 'Ahmednagar'),
(2374, 1022, 'Akola'),
(2375, 1022, 'Amravati'),
(2376, 1022, 'Aurangabad'),
(2377, 1022, 'Beed'),
(2378, 1022, 'Bhandara'),
(2379, 1022, 'Buldhana'),
(2380, 1022, 'Chandrapur'),
(2381, 1022, 'Dhule'),
(2382, 1022, 'Gadchiroli'),
(2383, 1022, 'Gondia'),
(2384, 1022, 'Hingoli'),
(2385, 1022, 'Jalgaon'),
(2386, 1022, 'Jalna'),
(2387, 1022, 'Kolhapur'),
(2388, 1022, 'Latur'),
(2389, 1022, 'Mumbai City'),
(2390, 1022, 'Mumbai Suburban'),
(2391, 1022, 'Nagpur'),
(2392, 1022, 'Nanded'),
(2393, 1022, 'Nandurbar'),
(2394, 1022, 'Nashik'),
(2395, 1022, 'Osmanabad'),
(2396, 1022, 'Palghar'),
(2397, 1022, 'Parbhani'),
(2398, 1022, 'Pune'),
(2399, 1022, 'Raigad'),
(2400, 1022, 'Ratnagiri'),
(2401, 1022, 'Sangli'),
(2402, 1022, 'Satara'),
(2403, 1022, 'Sindhudurg'),
(2404, 1022, 'Solapur'),
(2405, 1022, 'Thane'),
(2406, 1022, 'Wardha'),
(2407, 1022, 'Washim'),
(2408, 1022, 'Yavatmal'),
(2409, 1023, 'Bishnupur'),
(2410, 1023, 'Chandel'),
(2411, 1023, 'Churachandpur'),
(2412, 1023, 'Imphal East'),
(2413, 1023, 'Imphal West'),
(2414, 1023, 'Jiribam'),
(2415, 1023, 'Kakching'),
(2416, 1023, 'Kamjong'),
(2417, 1023, 'Kangpokpi'),
(2418, 1023, 'Noney'),
(2419, 1023, 'Pherzawl'),
(2420, 1023, 'Senapati'),
(2421, 1023, 'Tamenglong'),
(2422, 1023, 'Tengnoupal'),
(2423, 1023, 'Thoubal'),
(2424, 1023, 'Ukhrul'),
(2425, 1024, 'East Garo Hills'),
(2426, 1024, 'East Jaintia Hills'),
(2427, 1024, 'East Khasi Hills'),
(2428, 1024, 'North Garo Hills'),
(2429, 1024, 'Ri Bhoi'),
(2430, 1024, 'South Garo Hills'),
(2431, 1024, 'South West Garo Hills'),
(2432, 1024, 'South West Khasi Hills'),
(2433, 1024, 'West Garo Hills'),
(2434, 1024, 'West Jaintia Hills'),
(2435, 1024, 'West Khasi Hills'),
(2436, 1025, 'Aizawl'),
(2437, 1025, 'Champhai'),
(2438, 1025, 'Hnahthial'),
(2439, 1025, 'Kolasib'),
(2440, 1025, 'Khawzawl'),
(2441, 1025, 'Lawngtlai'),
(2442, 1025, 'Lunglei'),
(2443, 1025, 'Mamit'),
(2444, 1025, 'Saiha'),
(2445, 1025, 'Serchhip'),
(2446, 1025, 'Saitual'),
(2447, 1026, 'Dimapur'),
(2448, 1026, 'Kiphire'),
(2449, 1026, 'Kohima'),
(2450, 1026, 'Longleng'),
(2451, 1026, 'Mokokchung'),
(2452, 1026, 'Mon'),
(2453, 1026, 'Noklak'),
(2454, 1026, 'Peren'),
(2455, 1026, 'Phek'),
(2456, 1026, 'Tuensang'),
(2457, 1026, 'Wokha'),
(2458, 1026, 'Zunheboto'),
(2459, 1027, 'Angul'),
(2460, 1027, 'Balangir'),
(2461, 1027, 'Balasore'),
(2462, 1027, 'Bargarh'),
(2463, 1027, 'Bhadrak'),
(2464, 1027, 'Boudh'),
(2465, 1027, 'Cuttack'),
(2466, 1027, 'Debagarh'),
(2467, 1027, 'Dhenkanal'),
(2468, 1027, 'Gajapati'),
(2469, 1027, 'Ganjam'),
(2470, 1027, 'Jagatsinghpur'),
(2471, 1027, 'Jajpur'),
(2472, 1027, 'Jharsuguda'),
(2473, 1027, 'Kalahandi'),
(2474, 1027, 'Kandhamal'),
(2475, 1027, 'Kendrapara'),
(2476, 1027, 'Kendujhar'),
(2477, 1027, 'Khordha'),
(2478, 1027, 'Koraput'),
(2479, 1027, 'Malkangiri'),
(2480, 1027, 'Mayurbhanj'),
(2481, 1027, 'Nabarangpur'),
(2482, 1027, 'Nayagarh'),
(2483, 1027, 'Nuapada'),
(2484, 1027, 'Puri'),
(2485, 1027, 'Rayagada'),
(2486, 1027, 'Sambalpur'),
(2487, 1027, 'Subarnapur'),
(2488, 1027, 'Sundergarh'),
(2489, 1028, 'Karaikal'),
(2490, 1028, 'Mahe'),
(2491, 1028, 'Puducherry'),
(2492, 1028, 'Yanam'),
(2493, 1029, 'Amritsar'),
(2494, 1029, 'Barnala'),
(2495, 1029, 'Bathinda'),
(2496, 1029, 'Faridkot'),
(2497, 1029, 'Fatehgarh Sahib'),
(2498, 1029, 'Fazilka'),
(2499, 1029, 'Firozpur'),
(2500, 1029, 'Gurdaspur'),
(2501, 1029, 'Hoshiarpur'),
(2502, 1029, 'Jalandhar'),
(2503, 1029, 'Kapurthala'),
(2504, 1029, 'Ludhiana'),
(2505, 1029, 'Mansa'),
(2506, 1029, 'Moga'),
(2507, 1029, 'Mohali'),
(2508, 1029, 'Muktsar'),
(2509, 1029, 'Pathankot'),
(2510, 1029, 'Patiala'),
(2511, 1029, 'Rupnagar'),
(2512, 1029, 'Sangrur'),
(2513, 1029, 'Shaheed Bhagat Singh Nagar'),
(2514, 1029, 'Tarn Taran'),
(2515, 1030, 'Ajmer'),
(2516, 1030, 'Alwar'),
(2517, 1030, 'Banswara'),
(2518, 1030, 'Baran'),
(2519, 1030, 'Barmer'),
(2520, 1030, 'Bharatpur'),
(2521, 1030, 'Bhilwara'),
(2522, 1030, 'Bikaner'),
(2523, 1030, 'Bundi'),
(2524, 1030, 'Chittorgarh'),
(2525, 1030, 'Churu'),
(2526, 1030, 'Dausa'),
(2527, 1030, 'Dholpur'),
(2528, 1030, 'Dungarpur'),
(2529, 1030, 'Hanumangarh'),
(2530, 1030, 'Jaipur'),
(2531, 1030, 'Jaisalmer'),
(2532, 1030, 'Jalore'),
(2533, 1030, 'Jhalawar'),
(2534, 1030, 'Jhunjhunu'),
(2535, 1030, 'Jodhpur'),
(2536, 1030, 'Karauli'),
(2537, 1030, 'Kota'),
(2538, 1030, 'Nagaur'),
(2539, 1030, 'Pali'),
(2540, 1030, 'Pratapgarh'),
(2541, 1030, 'Rajsamand'),
(2542, 1030, 'Sawai Madhopur'),
(2543, 1030, 'Sikar'),
(2544, 1030, 'Sirohi'),
(2545, 1030, 'Sri Ganganagar'),
(2546, 1030, 'Tonk'),
(2547, 1030, 'Udaipur'),
(2548, 1031, 'East Sikkim'),
(2549, 1031, 'North Sikkim'),
(2550, 1031, 'South Sikkim'),
(2551, 1031, 'West Sikkim'),
(2552, 1032, 'Ariyalur'),
(2553, 1032, 'Chengalpattu'),
(2554, 1032, 'Chennai'),
(2555, 1032, 'Coimbatore'),
(2556, 1032, 'Cuddalore'),
(2557, 1032, 'Dharmapuri'),
(2558, 1032, 'Dindigul'),
(2559, 1032, 'Erode'),
(2560, 1032, 'Kallakurichi'),
(2561, 1032, 'Kanchipuram'),
(2562, 1032, 'Kanyakumari'),
(2563, 1032, 'Karur'),
(2564, 1032, 'Krishnagiri'),
(2565, 1032, 'Madurai'),
(2566, 1032, 'Mayiladuthurai'),
(2567, 1032, 'Nagapattinam'),
(2568, 1032, 'Namakkal'),
(2569, 1032, 'Nilgiris'),
(2570, 1032, 'Perambalur'),
(2571, 1032, 'Pudukkottai'),
(2572, 1032, 'Ramanathapuram'),
(2573, 1032, 'Ranipet'),
(2574, 1032, 'Salem'),
(2575, 1032, 'Sivaganga'),
(2576, 1032, 'Tenkasi'),
(2577, 1032, 'Thanjavur'),
(2578, 1032, 'Theni'),
(2579, 1032, 'Thoothukudi'),
(2580, 1032, 'Tiruchirappalli'),
(2581, 1032, 'Tirunelveli'),
(2582, 1032, 'Tirupattur'),
(2583, 1032, 'Tiruppur'),
(2584, 1032, 'Tiruvallur'),
(2585, 1032, 'Tiruvannamalai'),
(2586, 1032, 'Tiruvarur'),
(2587, 1032, 'Vellore'),
(2588, 1032, 'Viluppuram'),
(2589, 1032, 'Virudhunagar'),
(2590, 1033, 'Adilabad'),
(2591, 1033, 'Bhadradri Kothagudem'),
(2592, 1033, 'Hyderabad'),
(2593, 1033, 'Jagtial'),
(2594, 1033, 'Jangaon'),
(2595, 1033, 'Jayashankar'),
(2596, 1033, 'Jogulamba'),
(2597, 1033, 'Kamareddy'),
(2598, 1033, 'Karimnagar'),
(2599, 1033, 'Khammam'),
(2600, 1033, 'Komaram Bheem'),
(2601, 1033, 'Mahabubabad'),
(2602, 1033, 'Mahbubnagar'),
(2603, 1033, 'Mancherial'),
(2604, 1033, 'Medak'),
(2605, 1033, 'Medchal'),
(2606, 1033, 'Mulugu'),
(2607, 1033, 'Nagarkurnool'),
(2608, 1033, 'Nalgonda'),
(2609, 1033, 'Narayanpet'),
(2610, 1033, 'Nirmal'),
(2611, 1033, 'Nizamabad'),
(2612, 1033, 'Peddapalli'),
(2613, 1033, 'Rajanna Sircilla'),
(2614, 1033, 'Ranga Reddy'),
(2615, 1033, 'Sangareddy'),
(2616, 1033, 'Siddipet'),
(2617, 1033, 'Suryapet'),
(2618, 1033, 'Vikarabad'),
(2619, 1033, 'Wanaparthy'),
(2620, 1033, 'Warangal Rural'),
(2621, 1033, 'Warangal Urban'),
(2622, 1033, 'Yadadri Bhuvanagiri'),
(2623, 1034, 'Dhalai'),
(2624, 1034, 'Gomati'),
(2625, 1034, 'Khowai'),
(2626, 1034, 'North Tripura'),
(2627, 1034, 'Sepahijala'),
(2628, 1034, 'South Tripura'),
(2629, 1034, 'Unakoti'),
(2630, 1034, 'West Tripura'),
(2631, 1035, 'Agra'),
(2632, 1035, 'Aligarh'),
(2633, 1035, 'Ambedkar Nagar'),
(2634, 1035, 'Amethi'),
(2635, 1035, 'Amroha'),
(2636, 1035, 'Auraiya'),
(2637, 1035, 'Ayodhya'),
(2638, 1035, 'Azamgarh'),
(2639, 1035, 'Baghpat'),
(2640, 1035, 'Bahraich'),
(2641, 1035, 'Ballia'),
(2642, 1035, 'Balrampur'),
(2643, 1035, 'Banda'),
(2644, 1035, 'Barabanki'),
(2645, 1035, 'Bareilly'),
(2646, 1035, 'Basti'),
(2647, 1035, 'Bhadohi'),
(2648, 1035, 'Bijnor'),
(2649, 1035, 'Budaun'),
(2650, 1035, 'Bulandshahr'),
(2651, 1035, 'Chandauli'),
(2652, 1035, 'Chitrakoot'),
(2653, 1035, 'Deoria'),
(2654, 1035, 'Etah'),
(2655, 1035, 'Etawah'),
(2656, 1035, 'Farrukhabad'),
(2657, 1035, 'Fatehpur'),
(2658, 1035, 'Firozabad'),
(2659, 1035, 'Gautam Buddha Nagar'),
(2660, 1035, 'Ghaziabad'),
(2661, 1035, 'Ghazipur'),
(2662, 1035, 'Gonda'),
(2663, 1035, 'Gorakhpur'),
(2664, 1035, 'Hamirpur'),
(2665, 1035, 'Hapur'),
(2666, 1035, 'Hardoi'),
(2667, 1035, 'Hathras'),
(2668, 1035, 'Jalaun'),
(2669, 1035, 'Jaunpur'),
(2670, 1035, 'Jhansi'),
(2671, 1035, 'Kannauj'),
(2672, 1035, 'Kanpur Dehat'),
(2673, 1035, 'Kanpur Nagar'),
(2674, 1035, 'Kasganj'),
(2675, 1035, 'Kaushambi'),
(2676, 1035, 'Kheri'),
(2677, 1035, 'Kushinagar'),
(2678, 1035, 'Lalitpur'),
(2679, 1035, 'Lucknow'),
(2680, 1035, 'Maharajganj'),
(2681, 1035, 'Mahoba'),
(2682, 1035, 'Mainpuri'),
(2683, 1035, 'Mathura'),
(2684, 1035, 'Mau'),
(2685, 1035, 'Meerut'),
(2686, 1035, 'Mirzapur'),
(2687, 1035, 'Moradabad'),
(2688, 1035, 'Muzaffarnagar'),
(2689, 1035, 'Pilibhit'),
(2690, 1035, 'Pratapgarh'),
(2691, 1035, 'Prayagraj'),
(2692, 1035, 'Raebareli'),
(2693, 1035, 'Rampur'),
(2694, 1035, 'Saharanpur'),
(2695, 1035, 'Sambhal'),
(2696, 1035, 'Sant Kabir Nagar'),
(2697, 1035, 'Shahjahanpur'),
(2698, 1035, 'Shamli'),
(2699, 1035, 'Shravasti'),
(2700, 1035, 'Siddharthnagar'),
(2701, 1035, 'Sitapur'),
(2702, 1035, 'Sonbhadra'),
(2703, 1035, 'Sultanpur'),
(2704, 1035, 'Unnao'),
(2705, 1035, 'Varanasi'),
(2706, 1036, 'Almora'),
(2707, 1036, 'Bageshwar'),
(2708, 1036, 'Chamoli'),
(2709, 1036, 'Champawat'),
(2710, 1036, 'Dehradun'),
(2711, 1036, 'Haridwar'),
(2712, 1036, 'Nainital'),
(2713, 1036, 'Pauri'),
(2714, 1036, 'Pithoragarh'),
(2715, 1036, 'Rudraprayag'),
(2716, 1036, 'Tehri'),
(2717, 1036, 'Udham Singh Nagar'),
(2718, 1036, 'Uttarkashi'),
(2719, 1037, 'Alipurduar'),
(2720, 1037, 'Bankura'),
(2721, 1037, 'Birbhum'),
(2722, 1037, 'Cooch Behar'),
(2723, 1037, 'Dakshin Dinajpur'),
(2724, 1037, 'Darjeeling'),
(2725, 1037, 'Hooghly'),
(2726, 1037, 'Howrah'),
(2727, 1037, 'Jalpaiguri'),
(2728, 1037, 'Jhargram'),
(2729, 1037, 'Kalimpong'),
(2730, 1037, 'Kolkata'),
(2731, 1037, 'Malda'),
(2732, 1037, 'Murshidabad'),
(2733, 1037, 'Nadia'),
(2734, 1037, 'North 24 Parganas'),
(2735, 1037, 'Paschim Bardhaman'),
(2736, 1037, 'Paschim Medinipur'),
(2737, 1037, 'Purba Bardhaman'),
(2738, 1037, 'Purba Medinipur'),
(2739, 1037, 'Purulia'),
(2740, 1037, 'South 24 Parganas'),
(2741, 1037, 'Uttar Dinajpur');

-- --------------------------------------------------------

--
-- Table structure for table `info`
--

CREATE TABLE `info` (
  `info_id` int(11) NOT NULL,
  `dis_id` int(11) NOT NULL,
  `cat_id` int(11) NOT NULL,
  `description` varchar(4000) COLLATE armscii8_bin DEFAULT NULL,
  `paid_or_free` varchar(20) COLLATE armscii8_bin DEFAULT NULL,
  `contact_person` varchar(200) COLLATE armscii8_bin DEFAULT NULL,
  `contact_number` int(11) DEFAULT NULL
) ENGINE=InnoDB DEFAULT CHARSET=armscii8 COLLATE=armscii8_bin;

-- --------------------------------------------------------

--
-- Table structure for table `state`
--

CREATE TABLE `state` (
  `state_id` int(11) NOT NULL,
  `state_name` varchar(500) COLLATE armscii8_bin DEFAULT NULL
) ENGINE=InnoDB DEFAULT CHARSET=armscii8 COLLATE=armscii8_bin;

--
-- Dumping data for table `state`
--

INSERT INTO `state` (`state_id`, `state_name`) VALUES
(1001, 'Andaman Nicobar'),
(1002, 'Andhra Pradesh'),
(1003, 'Arunachal Pradesh'),
(1004, 'Assam'),
(1005, 'Bihar'),
(1006, 'Chandigarh'),
(1007, 'Chhattisgarh'),
(1008, 'Dadra Nagar Haveli'),
(1009, 'Daman Diu'),
(1010, 'Delhi'),
(1011, 'Goa'),
(1012, 'Gujarat'),
(1013, 'Haryana'),
(1014, 'Himachal Pradesh'),
(1015, 'Jammu Kashmir'),
(1016, 'Jharkhand'),
(1017, 'Karnataka'),
(1018, 'Kerala'),
(1019, 'Ladakh'),
(1020, 'Lakshadweep'),
(1021, 'Madhya Pradesh'),
(1022, 'Maharashtra'),
(1023, 'Manipur'),
(1024, 'Meghalaya'),
(1025, 'Mizoram'),
(1026, 'Nagaland'),
(1027, 'Odisha'),
(1028, 'Puducherry'),
(1029, 'Punjab'),
(1030, 'Rajasthan'),
(1031, 'Sikkim'),
(1032, 'Tamil Nadu'),
(1033, 'Telangana'),
(1034, 'Tripura'),
(1035, 'Uttar Pradesh'),
(1036, 'Uttarakhand'),
(1037, 'West Bengal');

--
-- Indexes for dumped tables
--

--
-- Indexes for table `category`
--
ALTER TABLE `category`
  ADD PRIMARY KEY (`cat_id`);

--
-- Indexes for table `district`
--
ALTER TABLE `district`
  ADD PRIMARY KEY (`dis_id`),
  ADD KEY `state_id` (`state_id`);

--
-- Indexes for table `info`
--
ALTER TABLE `info`
  ADD PRIMARY KEY (`info_id`),
  ADD KEY `dis_id` (`dis_id`),
  ADD KEY `cat_id` (`cat_id`);

--
-- Indexes for table `state`
--
ALTER TABLE `state`
  ADD PRIMARY KEY (`state_id`);

--
-- AUTO_INCREMENT for dumped tables
--

--
-- AUTO_INCREMENT for table `category`
--
ALTER TABLE `category`
  MODIFY `cat_id` int(11) NOT NULL AUTO_INCREMENT, AUTO_INCREMENT=3003;

--
-- AUTO_INCREMENT for table `district`
--
ALTER TABLE `district`
  MODIFY `dis_id` int(11) NOT NULL AUTO_INCREMENT, AUTO_INCREMENT=2742;

--
-- AUTO_INCREMENT for table `info`
--
ALTER TABLE `info`
  MODIFY `info_id` int(11) NOT NULL AUTO_INCREMENT, AUTO_INCREMENT=5001;

--
-- AUTO_INCREMENT for table `state`
--
ALTER TABLE `state`
  MODIFY `state_id` int(11) NOT NULL AUTO_INCREMENT, AUTO_INCREMENT=1038;

--
-- Constraints for dumped tables
--

--
-- Constraints for table `district`
--
ALTER TABLE `district`
  ADD CONSTRAINT `district_ibfk_1` FOREIGN KEY (`state_id`) REFERENCES `state` (`state_id`);

--
-- Constraints for table `info`
--
ALTER TABLE `info`
  ADD CONSTRAINT `info_ibfk_1` FOREIGN KEY (`dis_id`) REFERENCES `district` (`dis_id`),
  ADD CONSTRAINT `info_ibfk_2` FOREIGN KEY (`cat_id`) REFERENCES `category` (`cat_id`);
COMMIT;

/*!40101 SET CHARACTER_SET_CLIENT=@OLD_CHARACTER_SET_CLIENT */;
/*!40101 SET CHARACTER_SET_RESULTS=@OLD_CHARACTER_SET_RESULTS */;
/*!40101 SET COLLATION_CONNECTION=@OLD_COLLATION_CONNECTION */;
